screen_name,userId,lessonTitle,factId,answer,reactionTime,sessionTime,activation,alpha,BLC,prior_knowledge
user57,83657,Asian Flags,337306,South Korea,1.004,433162,0.285379436,0.15,0.127833372,yes
user57,83657,Asian Flags,337299,India,0.951,435517,0.287557648,0.15,0.183922838,no
user57,83657,Asian Flags,337301,Maldives,1.824,439204,-0.128387806,0.235546875,0.285018955,no
user57,83657,Asian Flags,337296,Bangladesh,1.472,443382,-0.16002072,0.286328125,0.115410852,no
user57,83657,Asian Flags,337308,Taiwan,1.663,446814,-0.404805079,0.33984375,0.384192973,no
user57,83657,Asian Flags,337298,Hong Kong,1.059,451292,0.296498865,0.1578125,0.502526821,no
user57,83657,Asian Flags,337307,Sri Lanka,1.046,455479,0.332456659,0.1765625,0.270497248,no
user57,83657,Asian Flags,337309,Thailand,0.985,458124,0.29829978,0.15,0.103140759,no
user57,83657,Asian Flags,337297,China,1.019,460456,0.293697753,0.15,-0.075107472,yes
user57,83657,Asian Flags,337305,Singapore,1.44,463925,-0.132546833,0.36328125,-0.306749135,no
user57,83657,Asian Flags,337303,Philippines,2.31,469136,-0.627758288,0.434375,0.108699417,no
user57,83657,Asian Flags,337302,Nepal,0.849,471481,0.302663658,0.15,-0.392717535,yes
user57,83657,Asian Flags,337304,Saudi Arabia,1.229,475013,0.310864544,0.15078125,-1.142629174,no
user57,83657,Asian Flags,337310,Vietnam,1.602,478292,-0.002227772,0.2328125,-0.592774206,no
user57,83657,Asian Flags,337300,Japan,1.069,480697,0.262121744,0.160546875,0.016129382,yes
user57,83657,Caribbean Flags,337625,Bahamas,0.979,419125,0.145867104,0.223046875,0.15082289,no
user57,83657,Caribbean Flags,337636,St Lucia,0.778,435549,0.656126137,0.251171875,-0.363948428,yes
user57,83657,Caribbean Flags,337627,Bonaire,0.966,439772,-0.156539612,0.332421875,0.256183405,no
user57,83657,Caribbean Flags,337630,Grenada,1.067,443794,0.264867379,0.153515625,0.223143551,yes
user57,83657,Caribbean Flags,337631,Haiti,1.097,446422,0.286658196,0.1953125,0.324346057,no
user57,83657,Caribbean Flags,337634,Montserrat,1.13,449904,0.26907333,0.151953125,-0.297879897,yes
user57,83657,Caribbean Flags,337629,Dominica,1.273,453979,-0.027350968,0.257421875,0.341082849,no
user57,83657,Caribbean Flags,337626,Barbados,0.966,458028,0.341899693,0.15546875,-0.45362015,no
user57,83657,Caribbean Flags,337623,Anguilla,1.144,461085,0.085766298,0.2125,0.093212382,no
user57,83657,Caribbean Flags,337628,Cuba,1.087,463372,0.264364727,0.1625,-0.056380333,no
user57,83657,Caribbean Flags,337637,Trinidad,1.05,466595,-0.081221081,0.2375,0.313341819,yes
user57,83657,Caribbean Flags,337633,Martinique,0.885,470014,0.30751344,0.15,-0.111541375,no
user57,83657,Caribbean Flags,337635,St Nevis,1.292,474953,0.134518396,0.18515625,-0.594982932,no
user57,83657,Caribbean Flags,337624,Aruba,1.132,477514,0.303666285,0.15078125,-0.050693114,no
user57,83657,Caribbean Flags,337632,Jamaica,1.087,480633,0.227453207,0.16484375,0.107585211,no
user59,83659,Asian Flags,337310,Vietnam,1.609,437921,-0.145578014,0.30078125,-0.143234168,no
user59,83659,Asian Flags,337302,Nepal,0.795,440080,0.305774633,0.15,0.693147181,no
user59,83659,Asian Flags,337306,South Korea,1.271,443309,0.306062866,0.150390625,-1.956001913,yes
user59,83659,Asian Flags,337303,Philippines,1.157,446768,0.328305911,0.150390625,-0.151002874,no
user59,83659,Asian Flags,337300,Japan,0.736,448860,0.307243039,0.15,0.368169323,yes
user59,83659,Asian Flags,337304,Saudi Arabia,0.844,454776,0.504723453,0.163671875,-0.529451088,no
user59,83659,Asian Flags,337305,Singapore,1.207,458006,0.112739133,0.241015625,-1.584325212,no
user59,83659,Asian Flags,337309,Thailand,0.816,460486,0.363400082,0.15,0.64055473,no
user59,83659,Asian Flags,337299,India,0.821,462619,0.323796757,0.15,-1.653646167,no
user59,83659,Asian Flags,337298,Hong Kong,0.895,465330,0.352294522,0.15,-0.292669614,no
user59,83659,Asian Flags,337307,Sri Lanka,0.872,468133,0.41189638,0.15,-1.610037733,no
user59,83659,Asian Flags,337308,Taiwan,1.233,471368,0.044890486,0.3234375,-1.25902901,no
user59,83659,Asian Flags,337297,China,1.552,474167,0.272095461,0.1640625,-1.591884753,yes
user59,83659,Asian Flags,337301,Maldives,1.005,477372,0.357679514,0.15078125,-0.530039843,no
user59,83659,Asian Flags,337296,Bangladesh,1.041,482815,0.36537731,0.15625,-1.116452207,no
user59,83659,Caribbean Flags,337637,Trinidad,1.287,437970,0.101706857,0.301953125,-1.082482907,no
user59,83659,Caribbean Flags,337623,Anguilla,1.468,441209,-0.17021914,0.256640625,0.153151179,no
user59,83659,Caribbean Flags,337624,Aruba,1.403,444083,-0.061508762,0.299609375,-0.687129108,no
user59,83659,Caribbean Flags,337634,Montserrat,0.935,446992,0.092869301,0.246875,-0.865418402,no
user59,83659,Caribbean Flags,337633,Martinique,0.863,450309,0.272456065,0.15,-0.722220428,no
user59,83659,Caribbean Flags,337629,Dominica,0.99,453769,0.036791429,0.325,2.111964733,no
user59,83659,Caribbean Flags,337625,Bahamas,1.589,457026,0.247490476,0.18984375,-0.418710335,no
user59,83659,Caribbean Flags,337635,St Nevis,1.573,462692,-0.004345888,0.216015625,-0.289680075,no
user59,83659,Caribbean Flags,337626,Barbados,0.821,465989,0.362173314,0.15,-1.21846725,no
user59,83659,Caribbean Flags,337636,St Lucia,0.809,469170,0.453415588,0.15390625,-0.31918074,no
user59,83659,Caribbean Flags,337630,Grenada,0.813,471594,0.36109152,0.194140625,0.235722334,no
user59,83659,Caribbean Flags,337628,Cuba,0.872,473692,0.276927641,0.201953125,-0.539413081,no
user59,83659,Caribbean Flags,337627,Bonaire,0.951,476059,0.429119444,0.180078125,0.270497248,no
user59,83659,Caribbean Flags,337631,Haiti,0.811,478279,0.315474159,0.15,-0.235862324,no
user59,83659,Caribbean Flags,337632,Jamaica,0.885,480845,0.492833174,0.2,-0.281412459,no
user64,83664,Asian Flags,337304,Saudi Arabia,1.421,114926,-0.567778593,0.250390625,-1.311840175,no
user64,83664,Asian Flags,337300,Japan,1.396,118414,-0.558566612,0.250390625,-0.95628038,yes
user64,83664,Asian Flags,337296,Bangladesh,2.981,386971,-0.838424326,0.37890625,-1.678590771,no
user64,83664,Asian Flags,337299,India,1.124,399524,-0.526288669,0.20078125,-1.374980601,no
user64,83664,Asian Flags,337310,Vietnam,2.118,405761,-0.591791723,0.21171875,-0.203756838,no
user64,83664,Asian Flags,337307,Sri Lanka,2.266,410901,-0.675344947,0.274609375,-0.175632569,no
user64,83664,Asian Flags,337305,Singapore,3.065,441648,-0.863961233,0.510546875,-0.403463105,no
user64,83664,Asian Flags,337309,Thailand,3.586,453077,-0.959302523,0.41796875,-0.440188544,no
user64,83664,Asian Flags,337308,Taiwan,1.464,457332,-1.103501073,0.467578125,-1.520388096,no
user64,83664,Asian Flags,337303,Philippines,3.642,464929,-0.948362903,0.541015625,-0.218331994,no
user64,83664,Asian Flags,337301,Maldives,1.941,469281,-1.085385665,0.474609375,-0.022739487,no
user64,83664,Asian Flags,337298,Hong Kong,1.26,474114,-0.829656865,0.417578125,-0.807814256,no
user64,83664,Asian Flags,337306,South Korea,1.26,478889,-0.560995036,0.250390625,-0.287432041,no
user64,83664,Asian Flags,337302,Nepal,2.142,486932,-0.968258189,0.535546875,-0.574363645,no
user64,83664,Caribbean Flags,337632,Jamaica,1.685,162650,-0.578270245,0.250390625,-1.306168317,yes
user64,83664,Caribbean Flags,337624,Aruba,1.219,229565,-0.675147697,0.250390625,-1.262996145,no
user64,83664,Caribbean Flags,337626,Barbados,1.645,335853,-0.586780209,0.3015625,-0.528272537,no
user64,83664,Caribbean Flags,337637,Trinidad,2.28,393863,-0.683196702,0.271484375,-0.569848964,no
user64,83664,Caribbean Flags,337630,Grenada,2.21,412468,-0.875534496,0.51015625,-0.235862324,no
user64,83664,Caribbean Flags,337634,Montserrat,2.224,417033,-1.138618204,0.57265625,-0.74098451,no
user64,83664,Caribbean Flags,337635,St Nevis,1.668,441280,-0.705526841,0.3,-0.814479466,no
user64,83664,Caribbean Flags,337627,Bonaire,2.381,457888,-0.966202262,0.3,0.041864204,no
user64,83664,Caribbean Flags,337623,Anguilla,1.772,464767,-1.110596143,0.480078125,-0.286681572,no
user64,83664,Caribbean Flags,337633,Martinique,2.181,469890,-1.137053336,0.467578125,-0.044016885,no
user64,83664,Caribbean Flags,337625,Bahamas,1.376,472347,-0.874816083,0.473046875,-0.689641041,no
user64,83664,Caribbean Flags,337631,Haiti,1.29,475014,-0.764778185,0.479296875,-0.826803565,no
user64,83664,Caribbean Flags,337629,Dominica,6.096,483487,-1.149184233,0.516796875,-0.774266232,no
user61,83661,Asian Flags,337296,Bangladesh,1.055,441190,0.359076111,0.157421875,0.401971219,yes
user61,83661,Asian Flags,337303,Philippines,0.894,444119,0.403420683,0.15,0.30788478,no
user61,83661,Asian Flags,337300,Japan,0.875,446336,0.394594195,0.15,0.029428811,yes
user61,83661,Asian Flags,337299,India,0.777,448437,0.393338402,0.15,0.373966441,yes
user61,83661,Asian Flags,337305,Singapore,0.747,450842,0.375858687,0.15,0.62735944,yes
user61,83661,Asian Flags,337306,South Korea,0.743,453422,0.380288713,0.15,-0.15956457,yes
user61,83661,Asian Flags,337307,Sri Lanka,0.827,456073,0.412839828,0.15,-0.122217633,no
user61,83661,Asian Flags,337301,Maldives,0.917,458673,0.327102704,0.191796875,0.219400565,no
user61,83661,Asian Flags,337310,Vietnam,1.038,462898,0.411021789,0.151953125,0.114289146,no
user61,83661,Asian Flags,337302,Nepal,0.875,465143,0.592767328,0.166796875,0.041864204,yes
user61,83661,Asian Flags,337309,Thailand,1.153,468999,0.303753864,0.180859375,-0.143234168,yes
user61,83661,Asian Flags,337308,Taiwan,0.777,471782,0.409266951,0.15,-0.470628434,yes
user61,83661,Asian Flags,337298,Hong Kong,0.849,474545,0.427246738,0.15,-0.69214668,yes
user61,83661,Asian Flags,337297,China,1.168,476982,0.413104103,0.150390625,0.058688996,yes
user61,83661,Asian Flags,337304,Saudi Arabia,0.931,480224,0.414668827,0.15,0.074723546,yes
user61,83661,Caribbean Flags,337625,Bahamas,2.343,401057,-0.545557007,0.336328125,-0.742889272,no
user61,83661,Caribbean Flags,337636,St Lucia,3.55,406154,0.03340325,0.222265625,0.245900538,no
user61,83661,Caribbean Flags,337623,Anguilla,1.595,409530,-0.382679634,0.408984375,0.553385238,no
user61,83661,Caribbean Flags,337624,Aruba,1.186,412533,-0.256266487,0.380078125,0.079043207,no
user61,83661,Caribbean Flags,337627,Bonaire,1.426,415632,-0.117717685,0.33125,-0.027615167,no
user61,83661,Caribbean Flags,337628,Cuba,0.838,417986,0.290068061,0.15,0.393042588,yes
user61,83661,Caribbean Flags,337635,St Nevis,1.238,422011,0.281400276,0.1515625,0.277071893,yes
user61,83661,Caribbean Flags,337631,Haiti,0.51,443274,1.195058942,0.17890625,-0.426574071,no
user61,83661,Caribbean Flags,337632,Jamaica,0.972,445835,0.242565041,0.15,0.397496938,yes
user61,83661,Caribbean Flags,337633,Martinique,1.111,449026,0.187356548,0.167578125,0.263965546,no
user61,83661,Caribbean Flags,337630,Grenada,0.981,452105,0.300171491,0.15,-0.2390169,no
user61,83661,Caribbean Flags,337626,Barbados,1.497,455707,0.160975876,0.21328125,0.074723546,no
user61,83661,Caribbean Flags,337637,Trinidad,2.303,461106,-0.007252568,0.201953125,-0.443402947,yes
user61,83661,Caribbean Flags,337634,Montserrat,1.502,464683,0.054521153,0.199609375,-0.694146681,no
user61,83661,Caribbean Flags,337629,Dominica,0.813,480050,0.767380185,0.21875,0.187535124,no
user73,83678,Asian Flags,337308,Taiwan,0.954,439045,0.445937314,0.150390625,-0.009950331,yes
user73,83678,Asian Flags,337304,Saudi Arabia,0.837,443101,0.376154071,0.15,-0.451712359,yes
user73,83678,Asian Flags,337303,Philippines,1.06,446949,0.372679701,0.150390625,-0.945461109,yes
user73,83678,Asian Flags,337299,India,0.75,449067,0.356708124,0.15,-1.370419012,yes
user73,83678,Asian Flags,337307,Sri Lanka,0.922,452254,0.387814891,0.15,0.52087596,no
user73,83678,Asian Flags,337296,Bangladesh,0.912,455809,0.398583028,0.15,0.558616288,no
user73,83678,Asian Flags,337302,Nepal,0.909,458210,0.387765852,0.15,0.110931561,no
user73,83678,Asian Flags,337309,Thailand,0.817,461034,0.401307218,0.15,0.316081547,no
user73,83678,Asian Flags,337298,Hong Kong,0.907,465031,0.392446236,0.15,0.444725822,yes
user73,83678,Asian Flags,337297,China,0.856,467167,0.392297919,0.15,-0.143234168,yes
user73,83678,Asian Flags,337300,Japan,0.835,469806,0.39638024,0.15,0.167235919,yes
user73,83678,Asian Flags,337306,South Korea,0.803,472765,0.39123455,0.15,-0.352064331,yes
user73,83678,Asian Flags,337310,Vietnam,1.052,475608,0.334573377,0.160546875,0.16134315,yes
user73,83678,Asian Flags,337301,Maldives,0.916,478660,0.486509051,0.170703125,0.429245637,no
user73,83678,Asian Flags,337305,Singapore,0.912,481910,0.313847273,0.191015625,-1.594324275,no
user73,83678,Caribbean Flags,337634,Montserrat,0.906,431329,-0.174890463,0.306640625,0.311974765,no
user73,83678,Caribbean Flags,337624,Aruba,0.977,433822,0.198025355,0.204296875,0.809680997,no
user73,83678,Caribbean Flags,337625,Bahamas,0.883,436792,0.283356389,0.15,-0.363253259,no
user73,83678,Caribbean Flags,337629,Dominica,1.338,440944,-0.003497941,0.268359375,1.018877321,no
user73,83678,Caribbean Flags,337626,Barbados,2.442,446254,-0.299694713,0.348828125,0.494296322,no
user73,83678,Caribbean Flags,337627,Bonaire,1.279,449278,-0.264137646,0.31328125,0.05234648,no
user73,83678,Caribbean Flags,337635,St Nevis,2.497,455063,-0.493718539,0.381640625,0.884307686,no
user73,83678,Caribbean Flags,337632,Jamaica,0.879,458485,0.280340327,0.15,1.111697528,yes
user73,83678,Caribbean Flags,337630,Grenada,0.985,462169,0.29691832,0.15,-0.005982072,no
user73,83678,Caribbean Flags,337628,Cuba,0.979,465595,0.309110383,0.15,0.208254939,no
user73,83678,Caribbean Flags,337637,Trinidad,1.089,468606,0.261121293,0.18828125,0.648173815,no
user73,83678,Caribbean Flags,337633,Martinique,0.9,471658,0.052937588,0.23203125,0.798507696,no
user73,83678,Caribbean Flags,337636,St Lucia,0.868,474577,0.549585473,0.154296875,0.274436846,no
user73,83678,Caribbean Flags,337623,Anguilla,1.087,477691,0.09594112,0.26796875,-0.142367241,no
user73,83678,Caribbean Flags,337631,Haiti,0.918,480264,0.301620289,0.15,0.401971219,no
user70,83670,Asian Flags,337297,China,1.985,288075,-0.396947164,0.20078125,0.126697653,yes
user70,83670,Asian Flags,337307,Sri Lanka,1.157,350047,-0.347621626,0.20078125,-1.639967117,no
user70,83670,Asian Flags,337296,Bangladesh,1.243,353165,-0.348796931,0.20078125,-0.988797423,yes
user70,83670,Asian Flags,337299,India,0.871,360730,-0.316415525,0.20078125,1.105636904,yes
user70,83670,Asian Flags,337305,Singapore,2.208,397776,-0.640927439,0.436328125,0.021223636,no
user70,83670,Asian Flags,337310,Vietnam,1.78,413374,-0.947643879,0.412890625,-0.089840704,yes
user70,83670,Asian Flags,337308,Taiwan,1.823,418483,-0.694066964,0.61640625,0.081210055,no
user70,83670,Asian Flags,337303,Philippines,5.06,430612,-1.251734663,0.5734375,-0.223143551,no
user70,83670,Asian Flags,337302,Nepal,1.011,436131,-0.11027736,0.247265625,0.429245637,no
user70,83670,Asian Flags,337300,Japan,1.651,442001,0.136827571,0.1515625,-0.337186267,yes
user70,83670,Asian Flags,337304,Saudi Arabia,1.266,459366,-0.007358304,0.2,-0.440188544,no
user70,83670,Asian Flags,337309,Thailand,2.759,469070,-1.028149427,0.7515625,0.035627178,no
user70,83670,Asian Flags,337306,South Korea,1.14,475146,-0.002731336,0.151171875,0.371063681,yes
user70,83670,Asian Flags,337298,Hong Kong,0.917,478604,-0.101999079,0.287109375,-1.589643285,no
user70,83670,Asian Flags,337301,Maldives,1.082,481235,-0.235902375,0.526171875,0.224394333,no
user70,83670,Caribbean Flags,337633,Martinique,1.146,308381,-0.616325416,0.3953125,0.290352301,no
user70,83670,Caribbean Flags,337628,Cuba,2.376,324424,-0.731734959,0.317578125,0.363843433,no
user70,83670,Caribbean Flags,337637,Trinidad,1.005,380361,-0.569365487,0.4359375,0.384192973,no
user70,83670,Caribbean Flags,337631,Haiti,1.533,388264,-0.66421512,0.41171875,0.242071561,no
user70,83670,Caribbean Flags,337632,Jamaica,1.538,429053,-0.645491866,0.469921875,0.510825624,no
user70,83670,Caribbean Flags,337624,Aruba,5.004,435010,-1.250722948,0.565625,0.415515444,no
user70,83670,Caribbean Flags,337623,Anguilla,2.985,440814,-0.879307851,0.514453125,0.271808723,no
user70,83670,Caribbean Flags,337634,Montserrat,1.365,444612,-0.980461287,0.542578125,0.385662481,no
user70,83670,Caribbean Flags,337629,Dominica,1.053,447287,-0.054376804,0.273828125,0.455706325,no
user70,83670,Caribbean Flags,337627,Bonaire,4.301,454301,-1.173901051,0.580859375,0.079043207,no
user70,83670,Caribbean Flags,337635,St Nevis,2.171,458101,-0.908761262,0.5296875,0.752897185,no
user70,83670,Caribbean Flags,337630,Grenada,2.137,462991,-0.769729383,0.328125,0.080126044,no
user70,83670,Caribbean Flags,337626,Barbados,1.174,469120,-1.178154027,0.593359375,-0.357674444,no
user70,83670,Caribbean Flags,337625,Bahamas,1.123,475141,-0.8118458,0.34921875,0.037701867,no
user70,83670,Caribbean Flags,337636,St Lucia,3.497,480428,-1.035085344,0.547265625,0.229413164,no
user56,83693,Asian Flags,337302,Nepal,1.549,337702,-0.137832935,0.20078125,-0.574926549,yes
user56,83693,Asian Flags,337301,Maldives,0.987,346418,0.178736745,0.21875,0.621757184,no
user56,83693,Asian Flags,337307,Sri Lanka,0.815,349249,0.160033208,0.151171875,-0.125751205,no
user56,83693,Asian Flags,337309,Thailand,0.981,352291,-0.045384694,0.41015625,0.719491156,no
user56,83693,Asian Flags,337296,Bangladesh,1.024,359685,-0.141483929,0.223828125,-0.723676386,no
user56,83693,Asian Flags,337297,China,1.026,362307,0.035377154,0.151171875,-0.423959691,yes
user56,83693,Asian Flags,337304,Saudi Arabia,0.702,366804,0.063161274,0.151171875,-0.806475866,yes
user56,83693,Asian Flags,337299,India,0.902,369011,0.08729763,0.151171875,-0.599385801,no
user56,83693,Asian Flags,337305,Singapore,1.414,372353,-0.097355306,0.196484375,NA,yes
user56,83693,Asian Flags,337308,Taiwan,3.569,384681,-0.529978118,0.30703125,0.556869562,no
user56,83693,Asian Flags,337306,South Korea,0.779,388834,0.434766098,0.1515625,0.517514612,yes
user56,83693,Asian Flags,337300,Japan,0.829,392941,0.111101622,0.151171875,-0.54927681,yes
user56,83693,Asian Flags,337310,Vietnam,3.155,401963,-0.924368798,0.4765625,-0.466873736,no
user56,83693,Asian Flags,337298,Hong Kong,1.549,406192,-0.110751319,0.206640625,0.324346057,yes
user56,83693,Asian Flags,337303,Philippines,2.083,413688,-0.558906044,0.389453125,0.529329095,no
user56,83693,Caribbean Flags,337627,Bonaire,1.951,57364,-0.604301777,0.250390625,-0.234281296,no
user56,83693,Caribbean Flags,337632,Jamaica,0.793,62890,-0.538147782,0.250390625,0.446287103,no
user56,83693,Caribbean Flags,337630,Grenada,1.117,71526,-0.573444912,0.250390625,0.750776293,no
user56,83693,Caribbean Flags,337633,Martinique,1.073,112485,-0.527248769,0.250390625,0.505838082,no
user56,83693,Caribbean Flags,337624,Aruba,0.93,137771,-0.613624569,0.250390625,-0.617345467,no
user56,83693,Caribbean Flags,337631,Haiti,1.658,163519,-0.582280347,0.250390625,0.466808738,no
user56,83693,Caribbean Flags,337629,Dominica,1.206,206850,-0.734778158,0.431640625,-1.691939134,no
user56,83693,Caribbean Flags,337623,Anguilla,2.363,453276,-0.723107808,0.30859375,-0.661140384,no
user56,83693,Caribbean Flags,337635,St Nevis,2.081,456282,-1.363772353,0.42421875,0.414001439,no
user56,83693,Caribbean Flags,337637,Trinidad,0.681,457559,-1.26570606,0.33125,-0.576051409,no
user56,83693,Caribbean Flags,337634,Montserrat,0.857,459189,-1.262271384,0.33125,0.223143551,no
user56,83693,Caribbean Flags,337636,St Lucia,3.14,462753,-1.280096451,0.433984375,-0.463104888,no
user56,83693,Caribbean Flags,337626,Barbados,1.332,467579,-0.804903644,0.293359375,-0.716375307,no
user56,83693,Caribbean Flags,337628,Cuba,7.364,480821,-1.251629292,0.294921875,-0.170586301,no
user80,83698,Asian Flags,337298,Hong Kong,1.117,420534,0.128744568,0.151171875,-0.549854011,no
user80,83698,Asian Flags,337306,South Korea,1.165,424327,-0.132331986,0.201171875,-1.57132059,yes
user80,83698,Asian Flags,337301,Maldives,4.004,432390,-0.512389845,0.35546875,-0.719789112,no
user80,83698,Asian Flags,337308,Taiwan,2.155,439801,-0.586777507,0.334375,0.141563564,no
user80,83698,Asian Flags,337309,Thailand,1.271,442984,-0.493716307,0.373828125,-0.202940844,no
user80,83698,Asian Flags,337303,Philippines,1.214,446966,0.025955159,0.2,-0.520577915,no
user80,83698,Asian Flags,337310,Vietnam,1.882,451623,-0.33612029,0.321875,-1.161587088,no
user80,83698,Asian Flags,337302,Nepal,0.99,454199,0.207047526,0.16953125,-0.231111721,no
user80,83698,Asian Flags,337307,Sri Lanka,0.849,461063,0.187007144,0.235546875,0.132389188,no
user80,83698,Asian Flags,337304,Saudi Arabia,1.068,464807,0.23304175,0.1515625,-0.249201086,yes
user80,83698,Asian Flags,337305,Singapore,1.526,468455,-0.259148473,0.25625,-0.947401727,no
user80,83698,Asian Flags,337296,Bangladesh,1.371,472247,-0.066656541,0.213671875,0.141563564,no
user80,83698,Asian Flags,337299,India,0.939,475149,0.207511247,0.15,-0.54696467,no
user80,83698,Asian Flags,337297,China,1.173,479207,0.267201434,0.1515625,-1.04766981,yes
user80,83698,Asian Flags,337300,Japan,1.031,482279,0.212074907,0.1515625,-0.155292884,yes
user80,83698,Caribbean Flags,337637,Trinidad,1.599,378740,-0.416150163,0.20078125,-0.485507816,no
user80,83698,Caribbean Flags,337636,St Lucia,2.801,386196,-0.701107214,0.25078125,-0.273836666,no
user80,83698,Caribbean Flags,337631,Haiti,1.164,389253,-0.375670257,0.20078125,-0.607589292,no
user80,83698,Caribbean Flags,337625,Bahamas,1.203,392404,-0.359127778,0.250390625,-0.237440856,no
user80,83698,Caribbean Flags,337624,Aruba,2.176,411029,-0.569808065,0.411328125,-0.1889661,no
user80,83698,Caribbean Flags,337634,Montserrat,2.093,415797,-0.589396927,0.485546875,-0.090754363,no
user80,83698,Caribbean Flags,337635,St Nevis,1.883,421125,-0.472607689,0.36171875,-0.183986836,no
user80,83698,Caribbean Flags,337623,Anguilla,2.991,426452,-0.658906045,0.283203125,0.122167634,no
user80,83698,Caribbean Flags,337626,Barbados,1.169,431280,-0.29774676,0.20078125,-0.279145741,no
user80,83698,Caribbean Flags,337632,Jamaica,2.482,435573,-0.555362101,0.25078125,0.21815601,no
user80,83698,Caribbean Flags,337628,Cuba,2.279,445525,-0.678663025,0.337109375,-0.262364264,no
user80,83698,Caribbean Flags,337633,Martinique,1.541,450072,-0.250541188,0.317578125,0.114289146,no
user80,83698,Caribbean Flags,337630,Grenada,1.377,453510,-0.164042785,0.250390625,0.102032726,no
user80,83698,Caribbean Flags,337629,Dominica,11.002,465574,-0.556391114,0.349609375,-0.922670339,no
user80,83698,Caribbean Flags,337627,Bonaire,12.017,480423,-0.698401899,0.378125,-0.138021298,no
user76,83700,Asian Flags,337304,Saudi Arabia,1.072,212334,-0.661071622,0.250390625,0.108699417,no
user76,83700,Asian Flags,337303,Philippines,1.273,317024,-0.563795398,0.250390625,-1.293081979,yes
user76,83700,Asian Flags,337299,India,0.944,320837,-0.50865778,0.20078125,-1.355061659,yes
user76,83700,Asian Flags,337310,Vietnam,1.37,344703,-0.556260588,0.250390625,-0.515813165,no
user76,83700,Asian Flags,337300,Japan,1.082,347719,-0.555539076,0.250390625,-1.703838588,yes
user76,83700,Asian Flags,337306,South Korea,1.209,398149,-0.565056588,0.250390625,-0.6408007,yes
user76,83700,Asian Flags,337307,Sri Lanka,1.482,426364,-0.460538853,0.3,-1.266384064,no
user76,83700,Asian Flags,337297,China,0.974,428964,-0.498862313,0.250390625,NA,yes
user76,83700,Asian Flags,337298,Hong Kong,4.247,440250,-1.018530271,0.3,-0.658555736,no
user76,83700,Asian Flags,337302,Nepal,1.345,443059,-0.143571508,0.318359375,0.060812139,no
user76,83700,Asian Flags,337309,Thailand,1.548,455709,-0.483723188,0.250390625,-0.14496577,no
user76,83700,Asian Flags,337305,Singapore,7.4,469343,-0.835411835,0.52109375,-0.208638865,no
user76,83700,Asian Flags,337308,Taiwan,1.067,472490,-0.759210718,0.4203125,0.160168752,no
user76,83700,Asian Flags,337296,Bangladesh,1.482,476576,-0.425734631,0.3375,-0.569848964,no
user76,83700,Asian Flags,337301,Maldives,2.226,481306,-0.684766189,0.3625,-0.128393215,no
user76,83700,Caribbean Flags,337631,Haiti,1.424,236662,-0.562510234,0.250390625,-0.557900031,no
user76,83700,Caribbean Flags,337629,Dominica,1.382,297422,-0.082563883,0.20078125,-0.876301724,no
user76,83700,Caribbean Flags,337626,Barbados,1.192,317871,-0.555623779,0.250390625,-0.576051409,no
user76,83700,Caribbean Flags,337636,St Lucia,1.021,348521,-0.48806062,0.3,-0.658555736,no
user76,83700,Caribbean Flags,337628,Cuba,1.585,416659,-0.449470454,0.20078125,-0.170586301,no
user76,83700,Caribbean Flags,337624,Aruba,2.68,424600,-0.715955275,0.4671875,0.335472736,no
user76,83700,Caribbean Flags,337630,Grenada,2.654,430100,-0.856841014,0.318359375,-0.03246719,no
user76,83700,Caribbean Flags,337625,Bahamas,1.497,435124,-0.704404575,0.404296875,0.30652516,no
user76,83700,Caribbean Flags,337635,St Nevis,1.649,442814,-0.440539818,0.247265625,-0.51342225,no
user76,83700,Caribbean Flags,337634,Montserrat,2.036,454660,-0.719621305,0.461328125,0.037701867,no
user76,83700,Caribbean Flags,337623,Anguilla,0.924,459855,-0.335693018,0.317578125,0.017146159,no
user76,83700,Caribbean Flags,337632,Jamaica,1.518,464390,-0.740767161,0.299609375,0.050241216,no
user76,83700,Caribbean Flags,337627,Bonaire,4.599,471353,-0.896623653,0.52421875,0.004008021,no
user76,83700,Caribbean Flags,337633,Martinique,1.695,477655,-0.995516277,0.341796875,NA,no
user76,83700,Caribbean Flags,337637,Trinidad,1.387,482302,-0.08341204,0.193359375,-0.40279488,no
user75,83680,Asian Flags,337297,China,2.28,360288,-0.669070569,0.221875,-0.560757993,yes
user75,83680,Asian Flags,337306,South Korea,2.608,388807,-0.815980162,0.25625,-0.682591667,no
user75,83680,Asian Flags,337309,Thailand,3.472,394463,-0.990963684,0.349609375,-0.440832252,no
user75,83680,Asian Flags,337300,Japan,1.097,404717,-0.454988645,0.20078125,-0.457424847,yes
user75,83680,Asian Flags,337304,Saudi Arabia,1.028,409846,-0.360316088,0.299609375,-0.791180921,no
user75,83680,Asian Flags,337298,Hong Kong,1.18,413946,0.126035058,0.195703125,-0.153579088,no
user75,83680,Asian Flags,337303,Philippines,1.248,422933,-0.958985998,0.398828125,-0.327863862,no
user75,83680,Asian Flags,337305,Singapore,1.562,428342,-1.069642096,0.398828125,-1.307792133,no
user75,83680,Asian Flags,337308,Taiwan,3.339,438465,-0.59786465,0.434765625,0.504181081,no
user75,83680,Asian Flags,337302,Nepal,2.981,449909,-0.865692441,0.369140625,-0.979828753,no
user75,83680,Asian Flags,337296,Bangladesh,1.211,453610,-0.36074718,0.250390625,-1.377505855,no
user75,83680,Asian Flags,337301,Maldives,11.296,469164,-0.895575688,0.394140625,-1.921617456,no
user75,83680,Asian Flags,337307,Sri Lanka,1.012,472803,-0.744452413,0.32421875,-1.503632854,no
user75,83680,Asian Flags,337310,Vietnam,2.11,478095,-0.414860272,0.21484375,-0.796154931,no
user75,83680,Asian Flags,337299,India,1.319,481284,-0.376605095,0.2125,-0.710004298,yes
user75,83680,Caribbean Flags,337628,Cuba,1.801,399805,-0.440685726,0.20078125,-1.95586048,yes
user75,83680,Caribbean Flags,337626,Barbados,1.994,403973,-0.89675404,0.371484375,-0.269263487,no
user75,83680,Caribbean Flags,337630,Grenada,1.862,407565,-0.405211529,0.324609375,-0.75424228,no
user75,83680,Caribbean Flags,337637,Trinidad,1.384,418048,-0.585207395,0.299609375,-0.418052224,no
user75,83680,Caribbean Flags,337624,Aruba,1.485,421176,-0.743930641,0.373828125,-1.414638834,no
user75,83680,Caribbean Flags,337634,Montserrat,1.824,434374,-0.671224125,0.3171875,0.68121861,no
user75,83680,Caribbean Flags,337627,Bonaire,2.723,438777,-0.846475394,0.4359375,-1.786076686,no
user75,83680,Caribbean Flags,337629,Dominica,1.155,441759,-0.256008698,0.274609375,0.481266822,no
user75,83680,Caribbean Flags,337636,St Lucia,1.474,456296,-0.372495087,0.20078125,-1.644032557,no
user75,83680,Caribbean Flags,337632,Jamaica,2.492,460377,-0.526303773,0.25078125,-1.319352955,yes
user75,83680,Caribbean Flags,337635,St Nevis,2.975,468454,-0.431957577,0.32109375,-1.5499002,no
user75,83680,Caribbean Flags,337631,Haiti,1.365,471345,-0.221206829,0.258984375,-1.429114358,no
user75,83680,Caribbean Flags,337633,Martinique,1.516,475096,-0.197937985,0.30546875,-1.318283151,no
user75,83680,Caribbean Flags,337625,Bahamas,2.296,479073,-0.118344983,0.2015625,-0.332894415,no
user75,83680,Caribbean Flags,337623,Anguilla,1.741,489626,-0.149360936,0.201171875,-0.982827256,no
user77,83708,Caribbean Flags,337624,Aruba,1.402,104772,-0.580806666,0.250390625,-0.941958479,no
user77,83708,Caribbean Flags,337628,Cuba,1.518,127270,-0.531269647,0.250390625,-1.453719337,no
user77,83708,Caribbean Flags,337635,St Nevis,1.773,220004,-0.64957221,0.250390625,-0.291923067,no
user77,83708,Caribbean Flags,337626,Barbados,1.445,304361,-0.551867941,0.369921875,-1.380527766,no
user77,83708,Caribbean Flags,337627,Bonaire,1.783,342886,-0.510473618,0.348828125,-0.591668012,no
user77,83708,Caribbean Flags,337633,Martinique,1.355,379960,-0.871939893,0.439453125,-0.15956457,no
user77,83708,Caribbean Flags,337632,Jamaica,1.329,384103,-0.702473818,0.32578125,-0.631271777,yes
user77,83708,Caribbean Flags,337629,Dominica,1.498,388659,-0.605569555,0.361328125,-0.292669614,no
user77,83708,Caribbean Flags,337630,Grenada,1.524,395420,-0.792070242,0.39296875,-0.352767319,no
user77,83708,Caribbean Flags,337636,St Lucia,1.475,402936,-0.556237022,0.250390625,-0.067658648,no
user77,83708,Caribbean Flags,337631,Haiti,4.245,414232,-0.937091952,0.349609375,-1.215802556,no
user77,83708,Caribbean Flags,337625,Bahamas,1.796,417853,-0.719504914,0.3,-0.323531725,no
user77,83708,Caribbean Flags,337634,Montserrat,1.317,424207,-0.53464996,0.444921875,-0.390013004,no
user77,83708,Caribbean Flags,337623,Anguilla,2.066,428172,-1.022645642,0.349609375,-0.428530381,no
user77,83708,Caribbean Flags,337637,Trinidad,1.674,433951,-0.959468977,0.337890625,-0.298622012,no
user68,83668,Asian Flags,337302,Nepal,1.012,416269,0.161266077,0.151171875,-2.488566611,no
user68,83668,Asian Flags,337301,Maldives,1.127,421589,0.236329369,0.151171875,-0.308219724,no
user68,83668,Asian Flags,337298,Hong Kong,1.275,427741,-0.284663462,0.25078125,0.134674903,no
user68,83668,Asian Flags,337300,Japan,0.96,432237,0.463809505,0.19765625,-1.304541859,yes
user68,83668,Asian Flags,337297,China,0.923,434405,0.764808836,0.1515625,-2.502992117,yes
user68,83668,Asian Flags,337305,Singapore,2.701,440877,-0.874628649,0.423828125,-1.858171235,no
user68,83668,Asian Flags,337303,Philippines,1.026,446135,0.148798622,0.151171875,-1.93253539,yes
user68,83668,Asian Flags,337308,Taiwan,1.416,451181,-0.405444187,0.30390625,-0.552159487,no
user68,83668,Asian Flags,337309,Thailand,1.201,455205,-0.24758761,0.25390625,0.362405619,no
user68,83668,Asian Flags,337304,Saudi Arabia,1.344,460293,0.281649736,0.1515625,-0.761739972,no
user68,83668,Asian Flags,337296,Bangladesh,1.243,463901,0.052556322,0.18515625,-1.348852066,no
user68,83668,Asian Flags,337310,Vietnam,1.162,469605,-0.029051024,0.21015625,-1.337629189,no
user68,83668,Asian Flags,337307,Sri Lanka,0.927,472493,0.249533606,0.15,-1.310222924,no
user68,83668,Asian Flags,337299,India,0.909,474733,0.083461663,0.20078125,0.170788321,yes
user68,83668,Asian Flags,337306,South Korea,1.087,478216,0.240214538,0.15,-0.856965266,yes
user68,83668,Caribbean Flags,337636,St Lucia,1.293,209266,-0.535995796,0.275,-0.53180403,no
user68,83668,Caribbean Flags,337625,Bahamas,1.808,314346,-0.636751314,0.250390625,-2.042258751,no
user68,83668,Caribbean Flags,337633,Martinique,1.179,319930,-0.615587953,0.299609375,-0.288181947,no
user68,83668,Caribbean Flags,337630,Grenada,1.644,380317,-0.548388795,0.299609375,-0.801104322,no
user68,83668,Caribbean Flags,337635,St Nevis,1.56,389530,-0.538550231,0.250390625,-0.080657903,no
user68,83668,Caribbean Flags,337631,Haiti,3.922,395530,-1.092193532,0.349609375,-1.303999118,no
user68,83668,Caribbean Flags,337623,Anguilla,8.127,452154,-1.039437522,0.45390625,-0.354171814,no
user68,83668,Caribbean Flags,337627,Bonaire,1.199,454826,-0.815970877,0.426171875,-0.753301103,no
user68,83668,Caribbean Flags,337626,Barbados,1.048,462570,-0.531234325,0.3,-0.211880359,no
user68,83668,Caribbean Flags,337634,Montserrat,2.822,467642,-0.613493846,0.3,-0.786637524,no
user68,83668,Caribbean Flags,337628,Cuba,1.544,470386,-0.661157791,0.324609375,-0.866259798,no
user68,83668,Caribbean Flags,337629,Dominica,1.334,473698,-0.422330274,0.27890625,-1.74274428,no
user68,83668,Caribbean Flags,337632,Jamaica,1.307,477770,-0.546495965,0.250390625,-0.832909123,no
user68,83668,Caribbean Flags,337624,Aruba,1.496,481290,-0.758554801,0.462890625,-1.098612289,no
user63,83663,Asian Flags,337303,Philippines,3.647,396083,-1.164767871,0.45390625,-1.057095608,no
user63,83663,Asian Flags,337304,Saudi Arabia,2.607,409769,-0.734688617,0.305859375,-1.014505779,no
user63,83663,Asian Flags,337302,Nepal,2.498,413834,-0.786232592,0.385546875,-1.127847414,no
user63,83663,Asian Flags,337305,Singapore,3.277,419555,-1.041480452,0.394140625,-0.102556588,no
user63,83663,Asian Flags,337300,Japan,2.393,423584,-0.878835848,0.37265625,-0.926241063,yes
user63,83663,Asian Flags,337297,China,2.223,427767,-0.776546657,0.337109375,-0.492254238,yes
user63,83663,Asian Flags,337308,Taiwan,3.165,432350,-1.021936257,0.4015625,-0.327863862,no
user63,83663,Asian Flags,337298,Hong Kong,2.639,441074,-0.809226447,0.291015625,-0.452984624,no
user63,83663,Asian Flags,337306,South Korea,3.12,453495,-0.698688195,0.288671875,-1.558144618,yes
user63,83663,Asian Flags,337309,Thailand,2.809,457727,-1.04743739,0.45390625,-0.851858872,no
user63,83663,Asian Flags,337310,Vietnam,3.131,462395,-0.812251665,0.3828125,-1.47132461,no
user63,83663,Asian Flags,337301,Maldives,3.211,466974,-0.802571419,0.448828125,-0.886655927,yes
user63,83663,Asian Flags,337299,India,2.418,470835,-0.691048935,0.3296875,-0.629674758,yes
user63,83663,Asian Flags,337307,Sri Lanka,1.603,476308,-0.59744224,0.296484375,-0.486737828,no
user63,83663,Asian Flags,337296,Bangladesh,3.743,481856,-1.1572738,0.462109375,-0.833343811,no
user63,83663,Caribbean Flags,337634,Montserrat,2.588,338075,-0.821568818,0.324609375,-0.498955451,no
user63,83663,Caribbean Flags,337627,Bonaire,2.06,387402,-0.777492726,0.340234375,-0.579978482,no
user63,83663,Caribbean Flags,337635,St Nevis,1.986,397977,-0.545089767,0.299609375,-1.698912919,no
user63,83663,Caribbean Flags,337637,Trinidad,3.347,408111,-1.068505426,0.408203125,-1.224363494,yes
user63,83663,Caribbean Flags,337630,Grenada,1.78,412893,-0.56245216,0.355078125,-0.540578582,no
user63,83663,Caribbean Flags,337625,Bahamas,3.393,433000,-0.919313083,0.448828125,-1.058484498,no
user63,83663,Caribbean Flags,337632,Jamaica,3.122,437614,-1.008658395,0.4078125,-0.991027078,yes
user63,83663,Caribbean Flags,337626,Barbados,3.077,442166,-1.064436435,0.45625,-0.542324291,no
user63,83663,Caribbean Flags,337629,Dominica,2.653,448418,-0.886254254,0.3,-1.072952542,no
user63,83663,Caribbean Flags,337631,Haiti,2.434,452454,-0.766372554,0.32578125,-1.007227727,no
user63,83663,Caribbean Flags,337624,Aruba,6.631,460380,-0.938080527,0.326953125,-1.158138268,no
user63,83663,Caribbean Flags,337623,Anguilla,2.928,467636,-0.811458242,0.427734375,-1.152153056,no
user63,83663,Caribbean Flags,337636,St Lucia,2.867,476226,-0.874873363,0.2625,-0.909870164,no
user63,83663,Caribbean Flags,337633,Martinique,4.419,483191,#NAME?,0.3,-1.415610415,no
user58,83658,Asian Flags,337306,South Korea,1.266,380082,-0.670472249,0.250390625,-0.856116009,yes
user58,83658,Asian Flags,337310,Vietnam,2.071,385396,-0.613389482,0.325390625,-1.414152689,no
user58,83658,Asian Flags,337297,China,1.254,396943,-0.546487252,0.20078125,-0.739076112,yes
user58,83658,Asian Flags,337307,Sri Lanka,1.976,419785,-0.528887028,0.250390625,0.471604911,no
user58,83658,Asian Flags,337296,Bangladesh,1.67,424956,-0.53341529,0.250390625,-0.508021696,no
user58,83658,Asian Flags,337304,Saudi Arabia,1.143,432215,-0.456034567,0.20078125,0.105360516,yes
user58,83658,Asian Flags,337300,Japan,4.393,439430,-1.042904218,0.3,-0.814036498,yes
user58,83658,Asian Flags,337299,India,1.525,442918,-0.468850577,0.20078125,-1.119721252,yes
user58,83658,Asian Flags,337308,Taiwan,2.844,449929,-0.733671171,0.4078125,-1.764388272,no
user58,83658,Asian Flags,337303,Philippines,1.186,457766,-0.712376569,0.330859375,-0.044973366,no
user58,83658,Asian Flags,337305,Singapore,6.887,466898,-0.876645364,0.393359375,-0.975691075,no
user58,83658,Asian Flags,337309,Thailand,1.267,470235,-0.546600833,0.299609375,-1.974219905,no
user58,83658,Asian Flags,337302,Nepal,1.988,473960,-0.589819729,0.2375,-2.116857743,no
user58,83658,Asian Flags,337301,Maldives,1.6,477555,-0.326765582,0.20078125,-0.175632569,no
user58,83658,Asian Flags,337298,Hong Kong,1.859,482432,-0.481592516,0.243359375,-2.349468679,no
user58,83658,Caribbean Flags,337626,Barbados,0.956,225794,0.288133681,0.15,-0.4167347,yes
user58,83658,Caribbean Flags,337633,Martinique,1.3,236555,-0.125061471,0.325,-0.481808675,yes
user58,83658,Caribbean Flags,337637,Trinidad,1.322,240058,0.115629241,0.187109375,-0.676509539,yes
user58,83658,Caribbean Flags,337627,Bonaire,1.253,245070,-0.473521177,0.36875,-1.208064422,no
user58,83658,Caribbean Flags,337636,St Lucia,1.255,249062,-0.156845441,0.31953125,-0.894454037,no
user58,83658,Caribbean Flags,337628,Cuba,0.965,251600,0.233531267,0.15,-0.634988266,yes
user58,83658,Caribbean Flags,337632,Jamaica,1.2,255055,0.060058502,0.187890625,-1.613230711,yes
user58,83658,Caribbean Flags,337630,Grenada,1.169,258985,-0.046427891,0.2265625,-1.346253312,no
user58,83658,Caribbean Flags,337629,Dominica,0.94,264555,0.208347967,0.219921875,-1.519731999,no
user58,83658,Caribbean Flags,337634,Montserrat,0.774,271468,-0.077062214,0.258203125,-0.909870164,yes
user58,83658,Caribbean Flags,337625,Bahamas,1.15,276376,-0.161417384,0.28046875,-0.591114455,yes
user58,83658,Caribbean Flags,337624,Aruba,2.58,281312,-0.310432661,0.30078125,-1.160020917,yes
user58,83658,Caribbean Flags,337635,St Nevis,1.522,287773,-0.544923404,0.40625,-0.500775288,yes
user58,83658,Caribbean Flags,337631,Haiti,1.347,291001,-0.051099192,0.269140625,-1.277873612,no
user58,83658,Caribbean Flags,337623,Anguilla,1.188,299545,-0.139205302,0.288671875,-1.293081979,yes
user78,83723,Asian Flags,337300,Japan,0.738,433193,0.626753615,0.15078125,-0.051643233,yes
user78,83723,Asian Flags,337308,Taiwan,1.049,435801,0.287647033,0.1875,0.478035801,yes
user78,83723,Asian Flags,337299,India,1.083,439193,0.252030626,0.174609375,0.569161201,yes
user78,83723,Asian Flags,337296,Bangladesh,0.801,443049,0.389401904,0.15,0.621757184,yes
user78,83723,Asian Flags,337304,Saudi Arabia,0.672,446121,0.395524878,0.15,0.162518929,yes
user78,83723,Asian Flags,337307,Sri Lanka,0.671,448666,0.392217099,0.15,-0.244513577,yes
user78,83723,Asian Flags,337301,Maldives,1.04,457226,0.357878786,0.15390625,0.015113638,no
user78,83723,Asian Flags,337305,Singapore,1.036,459882,0.356708639,0.15390625,0.536143432,no
user78,83723,Asian Flags,337302,Nepal,1.215,462458,0.377234069,0.150390625,-0.470628434,yes
user78,83723,Asian Flags,337309,Thailand,0.788,466122,0.367706386,0.15,0.253602759,no
user78,83723,Asian Flags,337298,Hong Kong,1.783,469641,0.363296837,0.150390625,-0.358373501,yes
user78,83723,Asian Flags,337303,Philippines,0.774,473146,0.347639542,0.15,-0.249980205,yes
user78,83723,Asian Flags,337310,Vietnam,1.037,475897,0.339299318,0.15078125,0.578034373,yes
user78,83723,Asian Flags,337297,China,0.922,478042,0.409746354,0.15,0.138113302,yes
user78,83723,Asian Flags,337306,South Korea,0.896,480842,0.519156393,0.15,0.130108685,yes
user78,83723,Caribbean Flags,337623,Anguilla,0.807,439430,0.363834567,0.15,-0.12751332,no
user78,83723,Caribbean Flags,337633,Martinique,0.918,443894,0.342725103,0.155078125,0.210721031,no
user78,83723,Caribbean Flags,337630,Grenada,0.979,446902,0.352268369,0.15,-0.663203304,no
user78,83723,Caribbean Flags,337631,Haiti,0.953,449350,0.390741752,0.15,-0.420025259,no
user78,83723,Caribbean Flags,337635,St Nevis,0.957,453911,0.210302536,0.190234375,-0.719302138,no
user78,83723,Caribbean Flags,337632,Jamaica,0.93,456374,0.385448953,0.15,0.491022996,yes
user78,83723,Caribbean Flags,337628,Cuba,0.956,458598,0.353724917,0.15,0.484508315,yes
user78,83723,Caribbean Flags,337624,Aruba,0.918,460998,0.3807334,0.203515625,0.053400777,no
user78,83723,Caribbean Flags,337626,Barbados,0.886,463798,0.360683653,0.15,-0.337899789,yes
user78,83723,Caribbean Flags,337634,Montserrat,1.148,467175,0.173456663,0.208984375,0.181521877,no
user78,83723,Caribbean Flags,337637,Trinidad,1.684,470668,0.374621002,0.150390625,0.28103753,yes
user78,83723,Caribbean Flags,337629,Dominica,1.327,473719,0.369049546,0.150390625,-0.224742273,yes
user78,83723,Caribbean Flags,337625,Bahamas,1.095,476471,0.235355008,0.173046875,-0.603222473,no
user78,83723,Caribbean Flags,337627,Bonaire,1.303,479452,0.214806195,0.18125,0.088831214,no
user78,83723,Caribbean Flags,337636,St Lucia,0.839,481959,0.392238399,0.15,-1.709464227,no
user81,83725,Asian Flags,337304,Saudi Arabia,1.391,233565,-0.402710084,0.20078125,-0.837247525,no
user81,83725,Asian Flags,337298,Hong Kong,1.164,248182,-0.379832999,0.20078125,-0.271552691,no
user81,83725,Asian Flags,337306,South Korea,1.534,295071,-0.397492907,0.20078125,-0.703097511,no
user81,83725,Asian Flags,337302,Nepal,1.263,337466,-0.447669818,0.250390625,-0.019802627,no
user81,83725,Asian Flags,337297,China,1.376,352274,-0.451910612,0.20078125,0.443166975,yes
user81,83725,Asian Flags,337307,Sri Lanka,1.24,370516,-0.39632128,0.20078125,0.644357016,no
user81,83725,Asian Flags,337300,Japan,1.134,376359,-0.36977177,0.20078125,-0.175632569,yes
user81,83725,Asian Flags,337303,Philippines,1.37,392081,-0.380033968,0.355859375,-0.45362015,no
user81,83725,Asian Flags,337299,India,1.367,395477,-0.301281683,0.30625,0.200892942,no
user81,83725,Asian Flags,337310,Vietnam,1.248,404055,-0.488946815,0.51640625,-0.025667747,no
user81,83725,Asian Flags,337305,Singapore,1.65,454015,-0.43943837,0.509375,0.334075112,no
user81,83725,Asian Flags,337309,Thailand,3.147,466504,-1.227239901,0.6875,0.327116142,no
user81,83725,Asian Flags,337308,Taiwan,1.07,471928,-1.113972983,0.66171875,0.512493681,no
user81,83725,Asian Flags,337296,Bangladesh,1.337,476333,-0.57758746,0.55078125,-0.113328685,no
user81,83725,Asian Flags,337301,Maldives,1.472,486542,-0.336695401,0.44765625,0.537854296,no
user81,83725,Caribbean Flags,337636,St Lucia,1.267,324078,-0.765124307,0.250390625,-1.643839339,no
user81,83725,Caribbean Flags,337629,Dominica,1.343,386454,-0.524295271,0.250390625,-0.901786046,no
user81,83725,Caribbean Flags,337626,Barbados,2.26,408684,-0.621644998,0.225,-0.128393215,no
user81,83725,Caribbean Flags,337630,Grenada,1.425,432804,-0.549759063,0.447265625,-0.038258712,no
user81,83725,Caribbean Flags,337634,Montserrat,0.589,439668,-1.186351553,0.59453125,0.63111179,no
user81,83725,Caribbean Flags,337627,Bonaire,0.79,441417,-1.210470448,0.6015625,0.928869514,no
user81,83725,Caribbean Flags,337625,Bahamas,2.238,449516,-0.622241693,0.259765625,0.478035801,no
user81,83725,Caribbean Flags,337631,Haiti,1.282,452537,-0.450570561,0.374609375,0.608806032,no
user81,83725,Caribbean Flags,337637,Trinidad,1.408,459199,-0.50457282,0.250390625,0.827822084,no
user81,83725,Caribbean Flags,337633,Martinique,0.786,464600,-1.074510479,0.575390625,0.009040745,no
user81,83725,Caribbean Flags,337624,Aruba,0.908,466086,-0.983750814,0.563671875,0.279713903,no
user81,83725,Caribbean Flags,337623,Anguilla,0.831,467438,-1.034690966,0.576171875,0.95972029,no
user81,83725,Caribbean Flags,337632,Jamaica,1.349,470194,-0.050563009,0.206640625,-0.313349819,yes
user81,83725,Caribbean Flags,337628,Cuba,1.315,474343,-0.446420843,0.20078125,0.379797361,yes
user81,83725,Caribbean Flags,337635,St Nevis,1.569,480559,-0.688327914,0.51953125,0.102032726,no
user66,83666,Asian Flags,337300,Japan,1.063,315453,0.043169711,0.19921875,-0.41012092,no
user66,83666,Asian Flags,337304,Saudi Arabia,1.912,323268,-0.437208991,0.2859375,-0.431782416,no
user66,83666,Asian Flags,337299,India,1.716,326326,-0.339394875,0.2765625,-0.005982072,no
user66,83666,Asian Flags,337310,Vietnam,1.48,419547,-0.546099337,0.56484375,-2.146983361,no
user66,83666,Asian Flags,337301,Maldives,1.036,424708,-0.616735486,0.3875,-0.364643114,no
user66,83666,Asian Flags,337307,Sri Lanka,1.082,427937,-0.577049121,0.409375,-0.555607767,no
user66,83666,Asian Flags,337297,China,0.935,430202,0.09691056,0.19921875,-0.900567771,yes
user66,83666,Asian Flags,337303,Philippines,1.342,434696,-0.032604931,0.3046875,-0.151002874,no
user66,83666,Asian Flags,337298,Hong Kong,1.585,438753,-0.440455948,0.3234375,0.158995731,no
user66,83666,Asian Flags,337306,South Korea,1.132,442465,0.135146413,0.19921875,-0.00796817,yes
user66,83666,Asian Flags,337308,Taiwan,1.319,462477,-0.200968108,0.43359375,-0.070458464,no
user66,83666,Asian Flags,337309,Thailand,0.975,466589,0.14109397,0.33515625,-0.75612198,no
user66,83666,Asian Flags,337296,Bangladesh,1.47,472410,-0.208890039,0.32890625,-0.907048151,no
user66,83666,Asian Flags,337305,Singapore,1.093,476390,-0.231645145,0.5,-0.887891257,no
user66,83666,Asian Flags,337302,Nepal,1.182,479212,0.154944555,0.22421875,0.108699417,no
user66,83666,Caribbean Flags,337636,St Lucia,1.764,209355,-0.662501941,0.3984375,-0.574926549,no
user66,83666,Caribbean Flags,337625,Bahamas,1.659,234394,-0.67004903,0.3984375,-0.211880359,no
user66,83666,Caribbean Flags,337629,Dominica,1.261,239203,-0.480963255,0.3484375,-0.018821754,no
user66,83666,Caribbean Flags,337628,Cuba,1.083,266871,-0.677552753,0.3984375,-0.066723632,no
user66,83666,Caribbean Flags,337637,Trinidad,1.242,325804,-0.044403564,0.24921875,-0.069526063,no
user66,83666,Caribbean Flags,337626,Barbados,1.265,388119,-0.307296013,0.29921875,-0.673454547,no
user66,83666,Caribbean Flags,337631,Haiti,1.194,391098,-0.320011847,0.2984375,0.49265832,no
user66,83666,Caribbean Flags,337624,Aruba,1.193,419099,-1.000309713,0.49765625,0.031490667,no
user66,83666,Caribbean Flags,337630,Grenada,1.732,433233,-0.403607608,0.28984375,-0.572108852,no
user66,83666,Caribbean Flags,337634,Montserrat,1.718,445817,-0.485715236,0.51171875,-0.098939948,no
user66,83666,Caribbean Flags,337632,Jamaica,1.081,457873,-0.066938127,0.19921875,-0.449162963,yes
user66,83666,Caribbean Flags,337633,Martinique,1.073,462538,-0.099285744,0.52265625,-0.021761492,no
user66,83666,Caribbean Flags,337623,Anguilla,1.32,466960,-0.371142622,0.4515625,-0.058268908,no
user66,83666,Caribbean Flags,337635,St Nevis,6.864,477532,-0.900435842,0.69921875,-0.134530893,no
user66,83666,Caribbean Flags,337627,Bonaire,1.899,481899,-0.467937316,0.546875,-1.219058442,no
user82,83726,Asian Flags,337309,Thailand,1.259,326467,-0.35773858,0.20078125,-1.592901944,no
user82,83726,Asian Flags,337307,Sri Lanka,1.176,342723,-0.350199979,0.20078125,-0.317726194,no
user82,83726,Asian Flags,337302,Nepal,1.129,361588,-0.329988691,0.20078125,-0.847154993,no
user82,83726,Asian Flags,337299,India,1.017,405652,-0.277895147,0.20078125,-1.628455918,no
user82,83726,Asian Flags,337308,Taiwan,4.792,413146,-0.777681568,0.37421875,-1.25902901,no
user82,83726,Asian Flags,337305,Singapore,3.544,435686,-0.546331434,0.301171875,-0.050693114,no
user82,83726,Asian Flags,337303,Philippines,1.452,439551,-0.148196667,0.201171875,-0.601579987,no
user82,83726,Asian Flags,337301,Maldives,3.817,446063,-0.366048293,0.37734375,-1.031046969,no
user82,83726,Asian Flags,337310,Vietnam,0.992,452218,-0.209792784,0.226171875,-0.722705983,no
user82,83726,Asian Flags,337298,Hong Kong,1.653,458910,-0.24268995,0.225390625,-1.471094963,no
user82,83726,Asian Flags,337296,Bangladesh,1.816,463712,-0.417012595,0.3265625,-0.489806257,no
user82,83726,Asian Flags,337304,Saudi Arabia,0.954,469622,-0.075857272,0.201171875,-0.650761464,no
user82,83726,Asian Flags,337306,South Korea,1.199,475441,0.009925404,0.151171875,-1.1141575,yes
user82,83726,Asian Flags,337300,Japan,1.052,478437,0.004624634,0.163671875,-1.16064768,yes
user82,83726,Asian Flags,337297,China,1.048,482802,0.048748523,0.151171875,-1.544792719,no
user82,83726,Caribbean Flags,337628,Cuba,1.291,385765,-0.528034758,0.250390625,-1.170312603,no
user82,83726,Caribbean Flags,337633,Martinique,1.084,396709,-0.790182274,0.385546875,-0.321358599,no
user82,83726,Caribbean Flags,337626,Barbados,1.182,400331,-0.575006276,0.250390625,-0.569848964,no
user82,83726,Caribbean Flags,337629,Dominica,1.199,404258,-0.521588594,0.336328125,1.298283484,no
user82,83726,Caribbean Flags,337634,Montserrat,1.728,428590,-0.550418764,0.250390625,-1.006131436,no
user82,83726,Caribbean Flags,337632,Jamaica,1.111,432356,-0.501045617,0.250390625,-1.10856262,no
user82,83726,Caribbean Flags,337625,Bahamas,3.516,438468,-0.731278862,0.25078125,-0.782987885,no
user82,83726,Caribbean Flags,337635,St Nevis,2.918,455101,-0.87171418,0.398828125,-0.335757696,no
user82,83726,Caribbean Flags,337636,St Lucia,1.511,458565,-0.578898404,0.310546875,-0.288181947,no
user82,83726,Caribbean Flags,337630,Grenada,1.808,463113,-0.411531142,0.353125,-1.695248569,no
user82,83726,Caribbean Flags,337624,Aruba,1.38,465932,-0.319417261,0.3,-0.335042644,no
user82,83726,Caribbean Flags,337627,Bonaire,2.818,470986,-0.520287888,0.25078125,-1.100277568,no
user82,83726,Caribbean Flags,337623,Anguilla,1.724,474610,-0.274676099,0.30625,-0.653886467,no
user82,83726,Caribbean Flags,337637,Trinidad,1.681,478700,-0.275402401,0.20078125,-0.629141851,no
user82,83726,Caribbean Flags,337631,Haiti,1.657,483941,-0.432154436,0.283984375,-1.770876258,no
