,Fact,BLC,Subject,Lesson
0,Montserrat,0.7366250860274958,83680,Caribbean Flags
1,St%20Lucia,0.1526101694832061,83680,Caribbean Flags
2,Dominica,-0.17496739659621857,83680,Caribbean Flags
3,Haiti,0.26401963962726915,83680,Caribbean Flags
4,Jamaica,0.41839620178379433,83680,Caribbean Flags
5,Grenada,0.4166268187832382,83680,Caribbean Flags
6,Anguilla,0.1541408001482325,83680,Caribbean Flags
7,Cuba,0.6105302682943324,83680,Caribbean Flags
8,Trinidad,0.9512848137081495,83680,Caribbean Flags
9,Bahamas,0.512010648608973,83680,Caribbean Flags
10,Aruba,0.7382883321634834,83680,Caribbean Flags
11,St%20Kitts%20and%20Nevis,-0.09870155366114608,83680,Caribbean Flags
12,Bonaire,0.7566091479673529,83680,Caribbean Flags
13,Martinique,0.2097753866938282,83680,Caribbean Flags
14,Barbados,1.938748305472189,83680,Caribbean Flags
15,Montserrat,0.8079947087139883,83680,Caribbean Flags
16,St%20Lucia,0.22397979491611458,83680,Caribbean Flags
17,Dominica,-0.10359775400104579,83680,Caribbean Flags
18,Haiti,0.335389258020413,83680,Caribbean Flags
19,Jamaica,0.48976582753064524,83680,Caribbean Flags
20,Grenada,0.48799646834004123,83680,Caribbean Flags
21,Anguilla,0.22551043629503417,83680,Caribbean Flags
22,Cuba,0.681899872246494,83680,Caribbean Flags
23,Trinidad,1.0226544365674042,83680,Caribbean Flags
24,Bahamas,0.5833802937981811,83680,Caribbean Flags
25,Aruba,0.8096579766848762,83680,Caribbean Flags
26,St%20Kitts%20and%20Nevis,-0.027331930886973794,83680,Caribbean Flags
27,Bonaire,0.8279787994856941,83680,Caribbean Flags
28,Martinique,0.28114500479671223,83680,Caribbean Flags
29,Barbados,2.010117889029303,83680,Caribbean Flags
30,Montserrat,0.3029283044787431,83657,Caribbean Flags
31,St%20Lucia,0.07997659661453639,83657,Caribbean Flags
32,Dominica,0.2832197438221527,83657,Caribbean Flags
33,Haiti,-0.05151642095845135,83657,Caribbean Flags
34,Jamaica,0.1501374192507238,83657,Caribbean Flags
35,Grenada,0.19975708754591373,83657,Caribbean Flags
36,Anguilla,0.31201656341239575,83657,Caribbean Flags
37,Cuba,0.1772523730665015,83657,Caribbean Flags
38,Bonaire,-0.016931527908671695,83657,Caribbean Flags
39,Bahamas,0.11179615496755003,83657,Caribbean Flags
40,St%20Kitts%20and%20Nevis,0.13098177707640044,83657,Caribbean Flags
41,Martinique,0.021441378044102583,83657,Caribbean Flags
42,Trinidad,0.19259826606193803,83657,Caribbean Flags
43,Barbados,0.1769712209683352,83657,Caribbean Flags
44,Aruba,0.05126128674008596,83657,Caribbean Flags
45,Montserrat,0.535870814798588,83657,Caribbean Flags
46,St%20Lucia,0.3129191115157308,83657,Caribbean Flags
47,Dominica,0.5161622632410563,83657,Caribbean Flags
48,Haiti,0.1814260912235504,83657,Caribbean Flags
49,Jamaica,0.38307993754295905,83657,Caribbean Flags
50,Grenada,0.43269960341036523,83657,Caribbean Flags
51,Anguilla,0.5449590687489891,83657,Caribbean Flags
52,Cuba,0.4101948879932371,83657,Caribbean Flags
53,Bonaire,0.21601099503828491,83657,Caribbean Flags
54,Bahamas,0.34473868419636144,83657,Caribbean Flags
55,St%20Kitts%20and%20Nevis,0.36392431147066867,83657,Caribbean Flags
56,Martinique,0.25438389206666634,83657,Caribbean Flags
57,Trinidad,0.42554079063470657,83657,Caribbean Flags
58,Barbados,0.40991374107685,83657,Caribbean Flags
59,Aruba,0.2842037979961025,83657,Caribbean Flags
60,Montserrat,-0.019567677935752113,83658,Caribbean Flags
61,St%20Lucia,-0.10190915259125513,83658,Caribbean Flags
62,Dominica,0.030841437200360762,83658,Caribbean Flags
63,Haiti,-2.360679774997898,83658,Caribbean Flags
64,Jamaica,0.1287789944566745,83658,Caribbean Flags
65,Grenada,0.3134275201983139,83658,Caribbean Flags
66,Anguilla,0.14260405446722296,83658,Caribbean Flags
67,Cuba,-0.029787358724036678,83658,Caribbean Flags
68,Trinidad,0.13119314940063634,83658,Caribbean Flags
69,St%20Kitts%20and%20Nevis,0.9207633824671245,83658,Caribbean Flags
70,Bonaire,0.40850366514180786,83658,Caribbean Flags
71,Martinique,0.3007013660225883,83658,Caribbean Flags
72,Bahamas,0.3039712074326079,83658,Caribbean Flags
73,Barbados,0.07639954798695257,83658,Caribbean Flags
74,Aruba,0.4348170467263436,83658,Caribbean Flags
75,Montserrat,0.09660617561967784,83658,Caribbean Flags
76,St%20Lucia,0.014264761362691919,83658,Caribbean Flags
77,Dominica,0.1470153407703699,83658,Caribbean Flags
78,Haiti,-2.360679774997898,83658,Caribbean Flags
79,Jamaica,0.2449528804337492,83658,Caribbean Flags
80,Grenada,0.42960139376479795,83658,Caribbean Flags
81,Anguilla,0.2587779074043904,83658,Caribbean Flags
82,Cuba,0.08638652706517289,83658,Caribbean Flags
83,Trinidad,0.24736702797874618,83658,Caribbean Flags
84,St%20Kitts%20and%20Nevis,1.0369372022719867,83658,Caribbean Flags
85,Bonaire,0.5246775135153838,83658,Caribbean Flags
86,Martinique,0.4168751926490129,83658,Caribbean Flags
87,Bahamas,0.42014509420408824,83658,Caribbean Flags
88,Barbados,0.19257342656536872,83658,Caribbean Flags
89,Aruba,0.5509909325723978,83658,Caribbean Flags
90,Montserrat,-2.360679774997898,83659,Caribbean Flags
91,St%20Lucia,-2.360679774997898,83659,Caribbean Flags
92,Dominica,-2.360679774997898,83659,Caribbean Flags
93,Haiti,-2.360679774997898,83659,Caribbean Flags
94,Jamaica,-2.360679774997898,83659,Caribbean Flags
95,Grenada,-2.360679774997898,83659,Caribbean Flags
96,Anguilla,-2.360679774997898,83659,Caribbean Flags
97,Cuba,-2.360679774997898,83659,Caribbean Flags
98,Trinidad,-2.360679774997898,83659,Caribbean Flags
99,Bahamas,-2.360679774997898,83659,Caribbean Flags
100,St%20Kitts%20and%20Nevis,-2.360679774997898,83659,Caribbean Flags
101,Bonaire,-2.360679774997898,83659,Caribbean Flags
102,Martinique,-2.360679774997898,83659,Caribbean Flags
103,Barbados,-2.360679774997898,83659,Caribbean Flags
104,Aruba,-2.360679774997898,83659,Caribbean Flags
105,Montserrat,0.3340142577203769,83659,Caribbean Flags
106,St%20Lucia,0.20735592042376558,83659,Caribbean Flags
107,Dominica,0.13287231422734894,83659,Caribbean Flags
108,Haiti,0.48383717032754564,83659,Caribbean Flags
109,Jamaica,0.20344598792110538,83659,Caribbean Flags
110,Grenada,0.1909160532712298,83659,Caribbean Flags
111,Anguilla,0.9031452477212143,83659,Caribbean Flags
112,Cuba,0.3866458976005612,83659,Caribbean Flags
113,Trinidad,0.15178596517606124,83659,Caribbean Flags
114,Bahamas,0.2602105706169964,83659,Caribbean Flags
115,St%20Kitts%20and%20Nevis,0.6089357343096966,83659,Caribbean Flags
116,Bonaire,-2.360679774997898,83659,Caribbean Flags
117,Martinique,0.3174001214305055,83659,Caribbean Flags
118,Barbados,0.33900875832065597,83659,Caribbean Flags
119,Aruba,0.21290672978134062,83659,Caribbean Flags
120,Montserrat,0.40439359778386674,83723,Caribbean Flags
121,St%20Lucia,0.36139299782381773,83723,Caribbean Flags
122,Dominica,0.396349396072502,83723,Caribbean Flags
123,Haiti,0.31780269320908033,83723,Caribbean Flags
124,Jamaica,0.2975065038909736,83723,Caribbean Flags
125,Grenada,0.31835130136283,83723,Caribbean Flags
126,Anguilla,0.32338753681388016,83723,Caribbean Flags
127,Cuba,0.43212089775823376,83723,Caribbean Flags
128,Bonaire,0.40318308552715043,83723,Caribbean Flags
129,Trinidad,0.5122444396367491,83723,Caribbean Flags
130,Aruba,0.5951419381932429,83723,Caribbean Flags
131,Martinique,0.3356018883104379,83723,Caribbean Flags
132,Bahamas,0.4425277989182139,83723,Caribbean Flags
133,St%20Kitts%20and%20Nevis,0.4953976785540446,83723,Caribbean Flags
134,Barbados,0.460661653956659,83723,Caribbean Flags
135,Montserrat,0.37792735679761946,83723,Caribbean Flags
136,St%20Lucia,0.33492675319557735,83723,Caribbean Flags
137,Dominica,0.36988315898408003,83723,Caribbean Flags
138,Haiti,0.29133644503586514,83723,Caribbean Flags
139,Jamaica,0.2710402636789451,83723,Caribbean Flags
140,Grenada,0.29188506356027427,83723,Caribbean Flags
141,Anguilla,0.29692130797615307,83723,Caribbean Flags
142,Cuba,0.40565467047498394,83723,Caribbean Flags
143,Bonaire,0.37671684063143357,83723,Caribbean Flags
144,Trinidad,0.48577818805087847,83723,Caribbean Flags
145,Aruba,0.5686757023795163,83723,Caribbean Flags
146,Martinique,0.3091356415369158,83723,Caribbean Flags
147,Bahamas,0.4160615810319373,83723,Caribbean Flags
148,St%20Kitts%20and%20Nevis,0.46893142899879625,83723,Caribbean Flags
149,Barbados,0.4341954277563634,83723,Caribbean Flags
150,Montserrat,0.5284263849228644,83661,Caribbean Flags
151,St%20Lucia,0.6551870371442394,83661,Caribbean Flags
152,Dominica,-2.360679774997898,83661,Caribbean Flags
153,Haiti,0.1695657484094502,83661,Caribbean Flags
154,Jamaica,0.2959700508138308,83661,Caribbean Flags
155,Grenada,0.3137011811513651,83661,Caribbean Flags
156,Anguilla,0.3361694860037182,83661,Caribbean Flags
157,Trinidad,0.5230035510255473,83661,Caribbean Flags
158,Bonaire,0.17458965476019422,83661,Caribbean Flags
159,Bahamas,0.9972892473116336,83661,Caribbean Flags
160,Aruba,0.23090033451373992,83661,Caribbean Flags
161,Martinique,0.2959349947780342,83661,Caribbean Flags
162,Cuba,0.34179322348364366,83661,Caribbean Flags
163,St%20Kitts%20and%20Nevis,0.42854730235837507,83661,Caribbean Flags
164,Barbados,0.30962554865892244,83661,Caribbean Flags
165,Montserrat,0.5707344850048444,83661,Caribbean Flags
166,St%20Lucia,0.697495189520178,83661,Caribbean Flags
167,Dominica,-2.360679774997898,83661,Caribbean Flags
168,Haiti,0.2118738655656104,83661,Caribbean Flags
169,Jamaica,0.3382781668385673,83661,Caribbean Flags
170,Grenada,0.3560093039508635,83661,Caribbean Flags
171,Anguilla,0.3784776115178532,83661,Caribbean Flags
172,Trinidad,0.5653116755694735,83661,Caribbean Flags
173,Bonaire,0.2168978136318219,83661,Caribbean Flags
174,Bahamas,1.0395973811870105,83661,Caribbean Flags
175,Aruba,0.2732084268763583,83661,Caribbean Flags
176,Martinique,0.33824312024415926,83661,Caribbean Flags
177,Cuba,0.38410135706771886,83661,Caribbean Flags
178,St%20Kitts%20and%20Nevis,0.47085543784082945,83661,Caribbean Flags
179,Barbados,0.3519336991417611,83661,Caribbean Flags
180,Montserrat,-2.360679774997898,83693,Caribbean Flags
181,St%20Lucia,-2.360679774997898,83693,Caribbean Flags
182,Dominica,-2.360679774997898,83693,Caribbean Flags
183,Haiti,-2.360679774997898,83693,Caribbean Flags
184,Jamaica,-2.360679774997898,83693,Caribbean Flags
185,Grenada,-2.360679774997898,83693,Caribbean Flags
186,Anguilla,-2.360679774997898,83693,Caribbean Flags
187,Bonaire,-2.360679774997898,83693,Caribbean Flags
188,Trinidad,-2.360679774997898,83693,Caribbean Flags
189,St%20Kitts%20and%20Nevis,-2.360679774997898,83693,Caribbean Flags
190,Aruba,-2.360679774997898,83693,Caribbean Flags
191,Martinique,-2.360679774997898,83693,Caribbean Flags
192,Cuba,-2.360679774997898,83693,Caribbean Flags
193,Barbados,-2.360679774997898,83693,Caribbean Flags
194,Montserrat,-1.017698528161589,83693,Caribbean Flags
195,St%20Lucia,-2.360679774997898,83693,Caribbean Flags
196,Dominica,-0.37863725326474845,83693,Caribbean Flags
197,Haiti,0.15915777003200557,83693,Caribbean Flags
198,Jamaica,0.2242108277493609,83693,Caribbean Flags
199,Grenada,0.08735346694046675,83693,Caribbean Flags
200,Anguilla,-0.11960744215824365,83693,Caribbean Flags
201,Bonaire,0.03835106854836848,83693,Caribbean Flags
202,Trinidad,-1.094569995017695,83693,Caribbean Flags
203,St%20Kitts%20and%20Nevis,-1.5479766385853828,83693,Caribbean Flags
204,Aruba,-0.2628928827711003,83693,Caribbean Flags
205,Martinique,-0.6112841021493308,83693,Caribbean Flags
206,Cuba,-1.0160696125676414,83693,Caribbean Flags
207,Barbados,0.6250489619523186,83693,Caribbean Flags
208,Montserrat,0.2879999889077569,83663,Caribbean Flags
209,St%20Lucia,-0.27445248624488594,83663,Caribbean Flags
210,Dominica,-1.584806672821926,83663,Caribbean Flags
211,Haiti,0.8438247147930857,83663,Caribbean Flags
212,Jamaica,1.17523981941165,83663,Caribbean Flags
213,Grenada,-1.8869782584790666,83663,Caribbean Flags
214,Anguilla,-0.6068423469631647,83663,Caribbean Flags
215,Bonaire,-2.0876251700793933,83663,Caribbean Flags
216,Trinidad,1.3913133866351552,83663,Caribbean Flags
217,St%20Kitts%20and%20Nevis,-0.07009944052079838,83663,Caribbean Flags
218,Aruba,-2.0250536453172865,83663,Caribbean Flags
219,Bahamas,1.303462925110552,83663,Caribbean Flags
220,Martinique,-3.4863207274559658,83663,Caribbean Flags
221,Barbados,1.1341422903321468,83663,Caribbean Flags
222,Montserrat,0.5550413307638353,83663,Caribbean Flags
223,St%20Lucia,-0.007411137236697037,83663,Caribbean Flags
224,Dominica,-1.317765301146391,83663,Caribbean Flags
225,Haiti,1.1108660903083976,83663,Caribbean Flags
226,Jamaica,1.4422811414443684,83663,Caribbean Flags
227,Grenada,-1.6199369177359335,83663,Caribbean Flags
228,Anguilla,-0.33980102298185133,83663,Caribbean Flags
229,Bonaire,-1.8205838648749095,83663,Caribbean Flags
230,Trinidad,1.6583547418821911,83663,Caribbean Flags
231,St%20Kitts%20and%20Nevis,0.19694193603567398,83663,Caribbean Flags
232,Aruba,-1.7580122664870643,83663,Caribbean Flags
233,Bahamas,1.5705043040030753,83663,Caribbean Flags
234,Martinique,-3.21927938768763,83663,Caribbean Flags
235,Barbados,1.4011836279026755,83663,Caribbean Flags
236,Montserrat,-1.8908368430977134,83664,Caribbean Flags
237,Dominica,-2.2068117937443263,83664,Caribbean Flags
238,Haiti,-0.8980990144786715,83664,Caribbean Flags
239,Jamaica,0.1437435840706905,83664,Caribbean Flags
240,Grenada,-1.089289768676775,83664,Caribbean Flags
241,Anguilla,-1.807651011922559,83664,Caribbean Flags
242,Trinidad,-0.06066800901099436,83664,Caribbean Flags
243,Bonaire,-2.024338203972573,83664,Caribbean Flags
244,Bahamas,-1.0496639717116365,83664,Caribbean Flags
245,Aruba,-0.20825951153595493,83664,Caribbean Flags
246,Martinique,-1.6131496547882604,83664,Caribbean Flags
247,St%20Kitts%20and%20Nevis,-0.516978446873542,83664,Caribbean Flags
248,Barbados,-0.5124360211147836,83664,Caribbean Flags
249,Montserrat,-1.8908368430977134,83664,Caribbean Flags
250,Dominica,-2.2068117937443263,83664,Caribbean Flags
251,Haiti,-0.8980990144786715,83664,Caribbean Flags
252,Jamaica,0.1437435840706905,83664,Caribbean Flags
253,Grenada,-1.089289768676775,83664,Caribbean Flags
254,Anguilla,-1.807651011922559,83664,Caribbean Flags
255,Trinidad,-0.06066800901099436,83664,Caribbean Flags
256,Bonaire,-2.024338203972573,83664,Caribbean Flags
257,Bahamas,-1.0496639717116365,83664,Caribbean Flags
258,Aruba,-0.20825951153595493,83664,Caribbean Flags
259,Martinique,-1.6131496547882604,83664,Caribbean Flags
260,St%20Kitts%20and%20Nevis,-0.516978446873542,83664,Caribbean Flags
261,Barbados,-0.5124360211147836,83664,Caribbean Flags
262,Montserrat,-3.170771593840636,83725,Caribbean Flags
263,St%20Lucia,-0.9483769728370899,83725,Caribbean Flags
264,Dominica,-1.584055882880107,83725,Caribbean Flags
265,Haiti,-2.3300993305170596,83725,Caribbean Flags
266,Jamaica,-1.5991230312709,83725,Caribbean Flags
267,Grenada,-2.1207238468108183,83725,Caribbean Flags
268,Anguilla,-2.861751296511471,83725,Caribbean Flags
269,Bonaire,-3.0124398515664197,83725,Caribbean Flags
270,Cuba,-0.3459890868887224,83725,Caribbean Flags
271,Bahamas,-0.44127655530732723,83725,Caribbean Flags
272,Aruba,-2.63772170771305,83725,Caribbean Flags
273,Martinique,-2.8985933137283326,83725,Caribbean Flags
274,St%20Kitts%20and%20Nevis,-1.6279631270639912,83725,Caribbean Flags
275,Trinidad,-0.8246102109756748,83725,Caribbean Flags
276,Barbados,-0.792030163221984,83725,Caribbean Flags
277,Montserrat,-3.1482781010541943,83725,Caribbean Flags
278,St%20Lucia,-0.9213470426908288,83725,Caribbean Flags
279,Dominica,-1.562907657619496,83725,Caribbean Flags
280,Haiti,-2.3083866644283098,83725,Caribbean Flags
281,Jamaica,-1.578167985392982,83725,Caribbean Flags
282,Grenada,-2.0989013582665503,83725,Caribbean Flags
283,Anguilla,-2.839758456359659,83725,Caribbean Flags
284,Bonaire,-2.990465943276645,83725,Caribbean Flags
285,Cuba,-0.31895915996216084,83725,Caribbean Flags
286,Bahamas,-0.41424661305578014,83725,Caribbean Flags
287,Aruba,-2.6156365904937764,83725,Caribbean Flags
288,Martinique,-2.876476063068088,83725,Caribbean Flags
289,St%20Kitts%20and%20Nevis,-1.6009331819035433,83725,Caribbean Flags
290,Trinidad,-0.797580296774628,83725,Caribbean Flags
291,Barbados,-0.7650002355612703,83725,Caribbean Flags
292,Montserrat,-2.360679774997898,83698,Caribbean Flags
293,St%20Lucia,-2.360679774997898,83698,Caribbean Flags
294,Dominica,-2.360679774997898,83698,Caribbean Flags
295,Haiti,-2.360679774997898,83698,Caribbean Flags
296,Jamaica,-2.360679774997898,83698,Caribbean Flags
297,Grenada,-2.360679774997898,83698,Caribbean Flags
298,Anguilla,-2.360679774997898,83698,Caribbean Flags
299,Bonaire,-2.360679774997898,83698,Caribbean Flags
300,Trinidad,-2.360679774997898,83698,Caribbean Flags
301,Bahamas,-2.360679774997898,83698,Caribbean Flags
302,Aruba,-2.360679774997898,83698,Caribbean Flags
303,Martinique,-2.360679774997898,83698,Caribbean Flags
304,St%20Kitts%20and%20Nevis,-2.360679774997898,83698,Caribbean Flags
305,Cuba,-2.360679774997898,83698,Caribbean Flags
306,Barbados,-2.360679774997898,83698,Caribbean Flags
307,Montserrat,0.09224204567585643,83698,Caribbean Flags
308,St%20Lucia,0.3182196162637965,83698,Caribbean Flags
309,Dominica,-0.5321177392673802,83698,Caribbean Flags
310,Haiti,0.17985387013896242,83698,Caribbean Flags
311,Jamaica,0.584425316886159,83698,Caribbean Flags
312,Grenada,0.15374712205986948,83698,Caribbean Flags
313,Anguilla,0.7629085514517294,83698,Caribbean Flags
314,Bonaire,0.6023022047710975,83698,Caribbean Flags
315,Trinidad,0.4015617764376777,83698,Caribbean Flags
316,Bahamas,0.48720367253785996,83698,Caribbean Flags
317,Aruba,-0.5570730246795897,83698,Caribbean Flags
318,Martinique,0.5662066164574635,83698,Caribbean Flags
319,St%20Kitts%20and%20Nevis,-0.09828422129194328,83698,Caribbean Flags
320,Cuba,0.5623653645781388,83698,Caribbean Flags
321,Barbados,0.18530810538289424,83698,Caribbean Flags
322,Montserrat,-0.5282996457409203,83666,Caribbean Flags
323,St%20Lucia,0.09421995042071306,83666,Caribbean Flags
324,Dominica,-0.00787633013418205,83666,Caribbean Flags
325,Haiti,0.47303218376972556,83666,Caribbean Flags
326,Jamaica,0.19242430805781816,83666,Caribbean Flags
327,Grenada,0.26016560462772764,83666,Caribbean Flags
328,Anguilla,-0.3567822465193967,83666,Caribbean Flags
329,Trinidad,0.154961223575577,83666,Caribbean Flags
330,Cuba,0.7069878404744424,83666,Caribbean Flags
331,Bahamas,-0.7022653565388888,83666,Caribbean Flags
332,Bonaire,-1.2299231087104283,83666,Caribbean Flags
333,Martinique,-0.6504172599686153,83666,Caribbean Flags
334,St%20Kitts%20and%20Nevis,-0.7794752821026923,83666,Caribbean Flags
335,Barbados,0.1343208883413506,83666,Caribbean Flags
336,Aruba,-0.9237044148516306,83666,Caribbean Flags
337,Montserrat,-0.5282996457409203,83666,Caribbean Flags
338,St%20Lucia,0.09421995042071306,83666,Caribbean Flags
339,Dominica,-0.00787633013418205,83666,Caribbean Flags
340,Haiti,0.47303218376972556,83666,Caribbean Flags
341,Jamaica,0.19242430805781816,83666,Caribbean Flags
342,Grenada,0.26016560462772764,83666,Caribbean Flags
343,Anguilla,-0.3567822465193967,83666,Caribbean Flags
344,Trinidad,0.154961223575577,83666,Caribbean Flags
345,Cuba,0.7069878404744424,83666,Caribbean Flags
346,Bahamas,-0.7022653565388888,83666,Caribbean Flags
347,Bonaire,-1.2299231087104283,83666,Caribbean Flags
348,Martinique,-0.6504172599686153,83666,Caribbean Flags
349,St%20Kitts%20and%20Nevis,-0.7794752821026923,83666,Caribbean Flags
350,Barbados,0.1343208883413506,83666,Caribbean Flags
351,Aruba,-0.9237044148516306,83666,Caribbean Flags
352,Montserrat,-2.360679774997898,83700,Caribbean Flags
353,St%20Lucia,-2.360679774997898,83700,Caribbean Flags
354,Dominica,-2.360679774997898,83700,Caribbean Flags
355,Haiti,-2.360679774997898,83700,Caribbean Flags
356,Jamaica,-2.360679774997898,83700,Caribbean Flags
357,Grenada,-2.360679774997898,83700,Caribbean Flags
358,Anguilla,-2.360679774997898,83700,Caribbean Flags
359,Trinidad,-2.360679774997898,83700,Caribbean Flags
360,Cuba,-2.360679774997898,83700,Caribbean Flags
361,Bahamas,-2.360679774997898,83700,Caribbean Flags
362,St%20Kitts%20and%20Nevis,-2.360679774997898,83700,Caribbean Flags
363,Martinique,-2.360679774997898,83700,Caribbean Flags
364,Bonaire,-2.360679774997898,83700,Caribbean Flags
365,Barbados,-2.360679774997898,83700,Caribbean Flags
366,Aruba,-2.360679774997898,83700,Caribbean Flags
367,Montserrat,-2.360679774997898,83700,Caribbean Flags
368,St%20Lucia,-2.360679774997898,83700,Caribbean Flags
369,Dominica,-0.06171289025906022,83700,Caribbean Flags
370,Haiti,-0.13683117284204988,83700,Caribbean Flags
371,Jamaica,-2.360679774997898,83700,Caribbean Flags
372,Grenada,-0.2986718066230321,83700,Caribbean Flags
373,Anguilla,-0.20344725354673815,83700,Caribbean Flags
374,Trinidad,-2.360679774997898,83700,Caribbean Flags
375,Cuba,0.15601526510214672,83700,Caribbean Flags
376,Bahamas,0.029103537240688277,83700,Caribbean Flags
377,St%20Kitts%20and%20Nevis,0.21014802556025075,83700,Caribbean Flags
378,Martinique,-0.6034711035923107,83700,Caribbean Flags
379,Bonaire,-0.5779732387778341,83700,Caribbean Flags
380,Barbados,-0.23446663558997172,83700,Caribbean Flags
381,Aruba,-0.49320177578407753,83700,Caribbean Flags
382,Montserrat,-2.360679774997898,83668,Caribbean Flags
383,St%20Lucia,-2.360679774997898,83668,Caribbean Flags
384,Dominica,-2.360679774997898,83668,Caribbean Flags
385,Haiti,-2.360679774997898,83668,Caribbean Flags
386,Jamaica,-2.360679774997898,83668,Caribbean Flags
387,Grenada,-2.360679774997898,83668,Caribbean Flags
388,Anguilla,-2.360679774997898,83668,Caribbean Flags
389,Bonaire,-2.360679774997898,83668,Caribbean Flags
390,Cuba,-2.360679774997898,83668,Caribbean Flags
391,St%20Kitts%20and%20Nevis,-2.360679774997898,83668,Caribbean Flags
392,Aruba,-2.360679774997898,83668,Caribbean Flags
393,Martinique,-2.360679774997898,83668,Caribbean Flags
394,Bahamas,-2.360679774997898,83668,Caribbean Flags
395,Barbados,-2.360679774997898,83668,Caribbean Flags
396,Montserrat,-1.7698236953478794,83668,Caribbean Flags
397,St%20Lucia,0.4541690861188306,83668,Caribbean Flags
398,Dominica,0.4537651116675897,83668,Caribbean Flags
399,Haiti,0.7275075328830768,83668,Caribbean Flags
400,Jamaica,0.36267763430382916,83668,Caribbean Flags
401,Grenada,0.7661345492701213,83668,Caribbean Flags
402,Anguilla,1.3131182493396818,83668,Caribbean Flags
403,Bonaire,-0.5200129964363299,83668,Caribbean Flags
404,Cuba,0.4385978586732583,83668,Caribbean Flags
405,St%20Kitts%20and%20Nevis,0.41526410142989345,83668,Caribbean Flags
406,Aruba,0.010614878017546662,83668,Caribbean Flags
407,Martinique,0.5124053587380765,83668,Caribbean Flags
408,Bahamas,0.4376781263101714,83668,Caribbean Flags
409,Barbados,0.5007436101857452,83668,Caribbean Flags
410,Montserrat,-2.360679774997898,83670,Caribbean Flags
411,St%20Lucia,-2.360679774997898,83670,Caribbean Flags
412,Dominica,-2.360679774997898,83670,Caribbean Flags
413,Haiti,-2.360679774997898,83670,Caribbean Flags
414,Jamaica,-2.360679774997898,83670,Caribbean Flags
415,Grenada,-2.360679774997898,83670,Caribbean Flags
416,Anguilla,-2.360679774997898,83670,Caribbean Flags
417,Trinidad,-2.360679774997898,83670,Caribbean Flags
418,Bonaire,-2.360679774997898,83670,Caribbean Flags
419,Bahamas,-2.360679774997898,83670,Caribbean Flags
420,Aruba,-2.360679774997898,83670,Caribbean Flags
421,Martinique,-2.360679774997898,83670,Caribbean Flags
422,St%20Kitts%20and%20Nevis,-2.360679774997898,83670,Caribbean Flags
423,Cuba,-2.360679774997898,83670,Caribbean Flags
424,Barbados,-2.360679774997898,83670,Caribbean Flags
425,Montserrat,-0.7043023551784885,83670,Caribbean Flags
426,St%20Lucia,-1.2216717181882422,83670,Caribbean Flags
427,Dominica,-0.12441048177218687,83670,Caribbean Flags
428,Haiti,-0.34281448145569626,83670,Caribbean Flags
429,Jamaica,-0.5643726757765629,83670,Caribbean Flags
430,Grenada,-0.11751448238215502,83670,Caribbean Flags
431,Anguilla,-1.689151733588092,83670,Caribbean Flags
432,Trinidad,-0.32505125218468833,83670,Caribbean Flags
433,Bonaire,-1.6068614119688434,83670,Caribbean Flags
434,Bahamas,-0.2949622326460966,83670,Caribbean Flags
435,Aruba,-0.36334465076890954,83670,Caribbean Flags
436,Martinique,-0.3459348786083121,83670,Caribbean Flags
437,St%20Kitts%20and%20Nevis,-1.8718819056967262,83670,Caribbean Flags
438,Cuba,-0.5749245233328723,83670,Caribbean Flags
439,Barbados,-1.0330257327981103,83670,Caribbean Flags
440,Montserrat,-2.360679774997898,83726,Caribbean Flags
441,St%20Lucia,-2.360679774997898,83726,Caribbean Flags
442,Dominica,-2.360679774997898,83726,Caribbean Flags
443,Haiti,-2.360679774997898,83726,Caribbean Flags
444,Jamaica,-2.360679774997898,83726,Caribbean Flags
445,Grenada,-2.360679774997898,83726,Caribbean Flags
446,Anguilla,-2.360679774997898,83726,Caribbean Flags
447,Trinidad,-2.360679774997898,83726,Caribbean Flags
448,Bonaire,-2.360679774997898,83726,Caribbean Flags
449,St%20Kitts%20and%20Nevis,-2.360679774997898,83726,Caribbean Flags
450,Bahamas,-2.360679774997898,83726,Caribbean Flags
451,Martinique,-2.360679774997898,83726,Caribbean Flags
452,Cuba,-2.360679774997898,83726,Caribbean Flags
453,Barbados,-2.360679774997898,83726,Caribbean Flags
454,Aruba,-2.360679774997898,83726,Caribbean Flags
455,Montserrat,0.5807046411900713,83726,Caribbean Flags
456,St%20Lucia,0.1402714975463679,83726,Caribbean Flags
457,Dominica,0.08571146402608752,83726,Caribbean Flags
458,Haiti,0.8643301092436182,83726,Caribbean Flags
459,Jamaica,1.014987503408601,83726,Caribbean Flags
460,Grenada,0.5981002114387189,83726,Caribbean Flags
461,Anguilla,0.6325329061082529,83726,Caribbean Flags
462,Trinidad,0.3787444077999899,83726,Caribbean Flags
463,Bonaire,0.6183917120534433,83726,Caribbean Flags
464,St%20Kitts%20and%20Nevis,1.17234439125544,83726,Caribbean Flags
465,Bahamas,0.5884690642642869,83726,Caribbean Flags
466,Martinique,1.3680741329159687,83726,Caribbean Flags
467,Cuba,0.3605058177516921,83726,Caribbean Flags
468,Barbados,0.3505328715205141,83726,Caribbean Flags
469,Aruba,-0.0827224320473563,83726,Caribbean Flags
470,Montserrat,-0.7397340960412626,83708,Caribbean Flags
471,St%20Lucia,-1.3179327837229677,83708,Caribbean Flags
472,Dominica,-0.6377779997154613,83708,Caribbean Flags
473,Haiti,-1.5875543568373338,83708,Caribbean Flags
474,Jamaica,0.004943564997286644,83708,Caribbean Flags
475,Grenada,-1.5552982961329267,83708,Caribbean Flags
476,Anguilla,-2.3017354786986606,83708,Caribbean Flags
477,Trinidad,-1.2190589769728455,83708,Caribbean Flags
478,Bonaire,-0.6025390118989418,83708,Caribbean Flags
479,Cuba,0.22840459472027408,83708,Caribbean Flags
480,Aruba,-1.6517399835681337,83708,Caribbean Flags
481,Martinique,-2.3764341663728277,83708,Caribbean Flags
482,St%20Kitts%20and%20Nevis,-0.4918753847961078,83708,Caribbean Flags
483,Bahamas,-0.8365658163665267,83708,Caribbean Flags
484,Barbados,-0.29139248624991504,83708,Caribbean Flags
485,Montserrat,-2.360679774997898,83708,Caribbean Flags
486,St%20Lucia,-2.360679774997898,83708,Caribbean Flags
487,Dominica,-2.360679774997898,83708,Caribbean Flags
488,Haiti,-2.360679774997898,83708,Caribbean Flags
489,Jamaica,-2.360679774997898,83708,Caribbean Flags
490,Grenada,-2.360679774997898,83708,Caribbean Flags
491,Anguilla,-2.360679774997898,83708,Caribbean Flags
492,Trinidad,-2.360679774997898,83708,Caribbean Flags
493,Bonaire,-2.360679774997898,83708,Caribbean Flags
494,Cuba,-2.360679774997898,83708,Caribbean Flags
495,Aruba,-2.360679774997898,83708,Caribbean Flags
496,Martinique,-2.360679774997898,83708,Caribbean Flags
497,St%20Kitts%20and%20Nevis,-2.360679774997898,83708,Caribbean Flags
498,Bahamas,-2.360679774997898,83708,Caribbean Flags
499,Barbados,-2.360679774997898,83708,Caribbean Flags
500,Montserrat,0.39840506433739736,83678,Caribbean Flags
501,St%20Lucia,0.15887346872711874,83678,Caribbean Flags
502,Dominica,0.29558770497191605,83678,Caribbean Flags
503,Haiti,0.2884114939157237,83678,Caribbean Flags
504,Jamaica,0.3983966005238371,83678,Caribbean Flags
505,Grenada,0.28795292846444126,83678,Caribbean Flags
506,Anguilla,0.2531865470654588,83678,Caribbean Flags
507,Cuba,0.3183522975913517,83678,Caribbean Flags
508,Bonaire,0.4126320375643343,83678,Caribbean Flags
509,St%20Kitts%20and%20Nevis,0.8935527284201672,83678,Caribbean Flags
510,Trinidad,0.24380576229870468,83678,Caribbean Flags
511,Martinique,0.5425614564249052,83678,Caribbean Flags
512,Bahamas,0.34094955283474615,83678,Caribbean Flags
513,Barbados,0.4339905699297392,83678,Caribbean Flags
514,Aruba,0.2354072293947118,83678,Caribbean Flags
515,Montserrat,0.3920170411141468,83678,Caribbean Flags
516,St%20Lucia,0.1524854511982096,83678,Caribbean Flags
517,Dominica,0.28919968082072384,83678,Caribbean Flags
518,Haiti,0.2820234667792859,83678,Caribbean Flags
519,Jamaica,0.3920085871730745,83678,Caribbean Flags
520,Grenada,0.28156490733694345,83678,Caribbean Flags
521,Anguilla,0.24679852307279262,83678,Caribbean Flags
522,Cuba,0.3119642741804411,83678,Caribbean Flags
523,Bonaire,0.4062440151383107,83678,Caribbean Flags
524,St%20Kitts%20and%20Nevis,0.8871646710326465,83678,Caribbean Flags
525,Trinidad,0.23741773923398318,83678,Caribbean Flags
526,Martinique,0.5361734472926899,83678,Caribbean Flags
527,Bahamas,0.334561536498767,83678,Caribbean Flags
528,Barbados,0.42760254585037594,83678,Caribbean Flags
529,Aruba,0.22901920535010536,83678,Caribbean Flags
